month,forecast_revenue
2025-01,154.34621212121212
2025-02,153.33729603729603
2025-03,152.32837995337997
2025-04,151.31946386946387
2025-05,150.31054778554778
2025-06,149.30163170163172
2025-07,148.29271561771563
2025-08,147.28379953379957
2025-09,146.27488344988348
2025-10,145.26596736596738
2025-11,144.25705128205132
2025-12,143.24813519813523
