month,forecast_sessions
2025-01,433.0454545454545
2025-02,475.6678321678322
2025-03,518.2902097902098
2025-04,560.9125874125874
2025-05,603.534965034965
2025-06,646.1573426573426
2025-07,688.7797202797203
2025-08,731.4020979020979
2025-09,774.0244755244755
2025-10,816.6468531468532
2025-11,859.2692307692308
2025-12,901.8916083916084
